{
  "relativeVelocity": 19.7498128142,
  "diameter": 0.4853331752,
  "water":1,
  "mass":null
}


